0.00390625,(-0.4278997742943514,1.865425302504169)
0.003914074234394555,(-0.4276600060792056,1.865409562529728)
0.003921922000313251,(-0.4274199912190008,1.865393815092621)
0.003929793392212747,(-0.4271797292006482,1.865378060202954)
0.003937688505024113,(-0.4269392195094426,1.865362297870963)
0.003945607434155702,(-0.4266984616290529,1.865346528107016)
0.003953550275496034,(-0.426457455041521,1.865330750921613)
0.003961517125416688,(-0.4262161992272511,1.865314966325391)
0.003969508080775234,(-0.4259746936650013,1.865299174329121)
0.003977523238918174,(-0.4257329378318819,1.865283374943714)
0.00398556269768391,(-0.4254909312033442,1.865267568180216)
0.003993626555405722,(-0.4252486732531732,1.865251754049813)
0.004001714910914783,(-0.4250061634534822,1.86523593256383)
0.004009827863543185,(-0.4247634012747069,1.865220103733737)
0.004017965513126983,(-0.4245203861855945,1.865204267571144)
0.004026127960009276,(-0.4242771176532,1.865188424087801)
0.004034315305043295,(-0.4240335951428747,1.865172573295607)
0.004042527649595515,(-0.4237898181182673,1.865156715206608)
0.004050765095548798,(-0.4235457860413055,1.865140849832993)
0.004059027745305555,(-0.4233014983721953,1.865124977187103)
0.004067315701790921,(-0.4230569545694144,1.865109097281423)
0.00407562906845596,(-0.422812154089702,1.865093210128596)
0.004083967949280908,(-0.4225670963880488,1.865077315741408)
0.004092332448778402,(-0.422321780917697,1.865061414132804)
0.004100722671996774,(-0.4220762071301264,1.865045505315883)
0.004109138724523339,(-0.4218303744750476,1.865029589303894)
0.004117580712487719,(-0.4215842824003995,1.86501366611025)
0.00412604874256519,(-0.4213379303523312,1.864997735748515)
0.00413454292198005,(-0.4210913177752073,1.864981798232419)
0.004143063358509017,(-0.4208444441115889,1.864965853575843)
0.004151610160484641,(-0.4205973088022322,1.864949901792839)
0.00416018343679876,(-0.420349911286078,1.864933942897616)
0.004168783296905948,(-0.4201022510002456,1.864917976904549)
0.004177409850827034,(-0.4198543273800234,1.864902003828179)
0.004186063209152597,(-0.4196061398588591,1.864886023683212)
0.004194743483046524,(-0.4193576878683584,1.864870036484527)
0.004203450784249583,(-0.4191089708382671,1.864854042247161)
0.004212185225083004,(-0.4188599881964729,1.864838040986337)
0.004220946918452116,(-0.418610739368988,1.864822032717439)
0.004229735977849989,(-0.4183612237799486,1.864806017456028)
0.004238552517361112,(-0.4181114408516022,1.864789995217841)
0.004247396651665089,(-0.4178613900043025,1.86477396601879)
0.004256268496040377,(-0.4176110706564951,1.864757929874964)
0.004265168166368036,(-0.4173604822247153,1.864741886802634)
0.004274095779135519,(-0.4171096241235783,1.864725836818246)
0.004283051451440476,(-0.416858495765768,1.864709779938436)
0.004292035300994599,(-0.4166070965620302,1.864693716180015)
0.004301047446127489,(-0.4163554259211659,1.864677645559986)
0.004310088005790552,(-0.4161034832500194,1.864661568095533)
0.004319157099560924,(-0.4158512679534701,1.864645483804029)
0.004328254847645429,(-0.415598779434425,1.86462939270304)
0.004337381370884553,(-0.4153460170938121,1.864613294810321)
0.004346536790756467,(-0.4150929803305648,1.864597190143813)
0.004355721229381061,(-0.4148396685416204,1.864581078721661)
0.004364934809524022,(-0.4145860811219065,1.864564960562202)
0.004374177654600934,(-0.4143322174643335,1.864548835683965)
0.004383449888681414,(-0.4140780769597851,1.864532704105681)
0.004392751636493266,(-0.4138236589971113,1.864516565846286)
0.004402083023426689,(-0.4135689629631165,1.864500420924912)
0.004411444175538492,(-0.413313988242549,1.864484269360894)
0.00442083521955636,(-0.4130587342180994,1.864468111173775)
0.004430256282883134,(-0.4128032002703812,1.864451946383305)
0.004439707493601138,(-0.4125473857779277,1.864435775009439)
0.004449188980476531,(-0.4122912901171817,1.864419597072344)
0.004458700872963693,(-0.4120349126624865,1.8644034125924)
0.004468243301209643,(-0.4117782527860704,1.864387221590195)
0.004477816396058491,(-0.4115213098580491,1.864371024086542)
0.004487420289055921,(-0.4112640832464047,1.86435482010246)
0.004497055112453719,(-0.4110065723169805,1.864338609659193)
0.004506720999214317,(-0.4107487764334722,1.864322392778206)
0.004516418083015377,(-0.4104906949574162,1.864306169481179)
0.004526146498254428,(-0.4102323272481821,1.864289939790025)
0.004535906380053509,(-0.40997367266296,1.864273703726874)
0.004545697864263861,(-0.4097147305567516,1.864257461314092)
0.004555521087470669,(-0.4094555002823606,1.864241212574268)
0.004565376186997809,(-0.4091959811903833,1.864224957530225)
0.004575263300912651,(-0.408936172629197,1.864208696205017)
0.004585182568030904,(-0.4086760739449508,1.864192428621936)
0.004595134127921476,(-0.4084156844815529,1.864176154804508)
0.004605118120911392,(-0.4081550035806649,1.864159874776497)
0.004615134688090737,(-0.4078940305816873,1.864143588561912)
0.004625183971317643,(-0.4076327648217534,1.864127296185)
0.004635266113223309,(-0.4073712056357112,1.864110997670256)
0.004645381257217064,(-0.4071093523561209,1.864094693042417)
0.004655529547491467,(-0.406847204313241,1.864078382326473)
0.004665711129027443,(-0.4065847608350182,1.864062065547666)
0.004675926147599461,(-0.4063220212470719,1.864045742731481)
0.004686174749780762,(-0.4060589848726948,1.864029413903669)
0.0046964570829486,(-0.4057956510328278,1.864013079090229)
0.004706773295289552,(-0.4055320190460605,1.863996738317424)
0.004717123535804855,(-0.405268088228614,1.863980391611774)
0.004727507954315784,(-0.4050038578943344,1.863964039000068)
0.004737926701469075,(-0.4047393273546733,1.863947680509352)
0.004748379928742393,(-0.4044744959186878,1.863931316166946)
0.004758867788449825,(-0.4042093628930225,1.863914946000435)
0.004769390433747444,(-0.403943927581898,1.863898570037676)
0.004779948018638891,(-0.4036781892871009,1.863882188306802)
0.004790540697981014,(-0.4034121473079735,1.863865800836221)
0.00480116862748954,(-0.403145800941401,1.863849407654618)
0.004811831963744809,(-0.4028791494817983,1.863833008790959)
0.004822530864197531,(-0.4026121922211035,1.863816604274495)
0.004833265487174601,(-0.4023449284487599,1.863800194134762)
0.00484403599188496,(-0.402077357451707,1.863783778401576)
0.004854842538425496,(-0.4018094785143707,1.863767357105051)
0.00486568528778699,(-0.4015412909186479,1.863750930275592)
0.004876564401860116,(-0.4012727939438967,1.863734497943896)
0.004887480043441487,(-0.4010039868669211,1.863718060140956)
0.004898432376239734,(-0.4007348689619659,1.863701616898069)
0.004909421564881658,(-0.4004654395006955,1.86368516824683)
0.004920447774918407,(-0.4001956977521886,1.863668714219137)
0.004931511172831714,(-0.3999256429829205,1.863652254847198)
0.004942611926040179,(-0.3996552744567579,1.863635790163531)
0.004953750202905609,(-0.3993845914349366,1.863619320200959)
0.004964926172739393,(-0.3991135931760572,1.863602844992628)
0.004976140005808947,(-0.398842278936068,1.863586364571996)
0.004987391873344186,(-0.3985706479682553,1.86356987897284)
0.004998681947544071,(-0.3982986995232252,1.863553388229261)
0.005010010401583196,(-0.3980264328488997,1.863536892375684)
0.00502137740961842,(-0.3977538471904937,1.863520391446863)
0.005032783146795575,(-0.3974809417905079,1.863503885477878)
0.0050442277892562,(-0.3972077158887156,1.863487374504144)
0.005055711514144343,(-0.3969341687221468,1.863470858561417)
0.005067234499613431,(-0.3966602995250758,1.863454337685779)
0.005078796924833155,(-0.3963861075290107,1.863437811913665)
0.005090398969996456,(-0.3961115919626739,1.863421281281849)
0.00510204081632653,(-0.3958367520519954,1.863404745827449)
0.00511372264608392,(-0.3955615870200948,1.863388205587939)
0.005125444642573632,(-0.3952860960872678,1.86337166060114)
0.005137206990152344,(-0.3950102784709754,1.863355110905228)
0.005149009874235639,(-0.3947341333858246,1.863338556538743)
0.005160853481305324,(-0.3944576600435609,1.863321997540583)
0.005172737998916787,(-0.3941808576530483,1.863305433950007)
0.005184663615706428,(-0.3939037254202603,1.863288865806648)
0.005196630521399143,(-0.3936262625482637,1.863272293150502)
0.005208638906815866,(-0.393348468237201,1.863255716021945)
0.005220688963881186,(-0.3930703416842802,1.863239134461727)
0.005232780885631002,(-0.39279188208376,1.863222548510973)
0.005244914866220265,(-0.3925130886269313,1.8632059582112)
0.005257091100930766,(-0.3922339605021081,1.863189363604302)
0.005269309786178997,(-0.3919544968946095,1.863172764732569)
0.005281571119524067,(-0.3916746969867445,1.863156161638678)
0.005293875299675694,(-0.3913945599577967,1.863139554365706)
0.005306222526502247,(-0.3911140849840141,1.863122942957125)
0.005318613001038875,(-0.3908332712385867,1.863106327456813)
0.005331046925495676,(-0.390552117891635,1.863089707909051)
0.005343524503265962,(-0.3902706241101963,1.863073084358528)
0.005356045938934563,(-0.3899887890582069,1.863056456850351)
0.005368611438286223,(-0.3897066118964862,1.863039825430037)
0.005381221208314048,(-0.3894240917827213,1.863023190143524)
0.005393875457228034,(-0.3891412278714549,1.863006551037176)
0.005406574394463668,(-0.388858019314062,1.862989908157776)
0.005419318230690578,(-0.3885744652587427,1.862973261552547)
0.005432107177821289,(-0.3882905648504985,1.862956611269134)
0.005444941449020015,(-0.3880063172311234,1.862939957355629)
0.005457821258711556,(-0.3877217215391778,1.862923299860561)
0.005470746822590246,(-0.3874367769099857,1.862906638832904)
0.005483718357628984,(-0.387151482475604,1.862889974322079)
0.005496736082088344,(-0.3868658373648172,1.862873306377962)
0.005509800215525753,(-0.3865798407031145,1.862856635050881)
0.005522910978804747,(-0.3862934916126727,1.862839960391622)
0.005536068594104308,(-0.3860067892123454,1.862823282451445)
0.00554927328492828,(-0.3857197326176396,1.862806601282069)
0.005562525276114854,(-0.3854323209407015,1.862789916935682)
0.005575824793846146,(-0.385144553290299,1.862773229464956)
0.005589172065657838,(-0.3848564287718026,1.862756538923035)
0.005602567320448922,(-0.3845679464871716,1.86273984536355)
0.00561601078849151,(-0.3842791055349339,1.862723148840619)
0.00562950270144072,(-0.3839899050101691,1.862706449408851)
0.005643043292344674,(-0.3837003440044912,1.862689747123353)
0.005656632795654548,(-0.3834104216060266,1.862673042039728)
0.005670271447234723,(-0.3831201368994056,1.862656334214087)
0.005683959484373021,(-0.3828294889657338,1.862639623703048)
0.005697697145791034,(-0.382538476882578,1.86262291056374)
0.005711484671654514,(-0.382247099723955,1.862606194853816)
0.005725322303583887,(-0.3819553565602969,1.862589476631441)
0.005739210284664831,(-0.3816632464584478,1.862572755955314)
0.005753148859458949,(-0.3813707684816394,1.862556032884662)
0.00576713827401455,(-0.38107792168947,1.862539307479243)
0.005781178775877482,(-0.380784705137888,1.862522579799363)
0.00579527061410211,(-0.3804911178791721,1.862505849905864)
0.005809414039262344,(-0.380197158961914,1.862489117860141)
0.005823609303462784,(-0.3799028274309983,1.862472383724142)
0.005837856660349951,(-0.3796081223275787,1.862455647560375)
0.00585215636512362,(-0.3793130426890629,1.862438909431907)
0.005866508674548252,(-0.3790175875490948,1.862422169402378)
0.005880913846964508,(-0.3787217559375285,1.862405427535995)
0.005895372142300888,(-0.3784255468804141,1.862388683897549)
0.005909883822085453,(-0.3781289593999727,1.862371938552408)
0.005924449149457643,(-0.3778319925145803,1.862355191566532)
0.005939068389180215,(-0.3775346452387452,1.86233844300647)
0.005953741807651272,(-0.3772369165830869,1.862321692939374)
0.005968469672916403,(-0.3769388055543174,1.862304941432992)
0.005983252254680913,(-0.37664031115522,1.862288188555684)
0.005998089824322186,(-0.3763414323846283,1.862271434376428)
0.006012982654902129,(-0.3760421682374002,1.86225467896481)
0.006027931021179738,(-0.3757425177044085,1.86223792239105)
0.006042935199623771,(-0.3754424797725046,1.862221164725992)
0.006057995468425535,(-0.375142053424511,1.862204406041117)
0.00607311210751177,(-0.3748412376391882,1.862187646408545)
0.00608828539855767,(-0.3745400313912209,1.862170885901045)
0.006103515625,(-0.3742384336511923,1.862154124592031)
0.006118803072050326,(-0.373936443385564,1.862137362555585)
0.006134148026708374,(-0.3736340595566486,1.862120599866439)
0.006149550777775505,(-0.3733312811225963,1.862103836600004)
0.006165011615868288,(-0.3730281070373637,1.862087072832361)
0.006180530833432221,(-0.3727245362506961,1.862070308640272)
0.006196108724755565,(-0.3724205677081047,1.862053544101185)
0.006211745585983281,(-0.3721162003508378,1.86203677929324)
0.006227441715131108,(-0.3718114331158673,1.862020014295277)
0.006243197412099776,(-0.3715062649358555,1.862003249186839)
0.006259012978689313,(-0.37120069473914,1.86198648404818)
0.00627488871861351,(-0.3708947214497022,1.861969718960272)
0.006290824937514494,(-0.370588343987152,1.861952954004807)
0.006306821942977449,(-0.3702815612666955,1.861936189264209)
0.006322880044545449,(-0.3699743721991167,1.861919424821637)
0.00633899955373443,(-0.3696667756907503,1.861902660760992)
0.006355180784048313,(-0.369358770643459,1.861885897166927)
0.006371424050994228,(-0.3690503559546054,1.861869134124843)
0.006387729672097907,(-0.3687415305170345,1.861852371720913)
0.006404097966919196,(-0.3684322932190401,1.861835610042069)
0.00642052925706772,(-0.3681226429443434,1.861818849176025)
0.006437023866218664,(-0.3678125785720696,1.861802089211275)
0.006453582120128734,(-0.3675020989767213,1.861785330237103)
0.006470204346652224,(-0.3671912030281482,1.861768572343588)
0.006486890875757254,(-0.3668798895915281,1.861751815621615)
0.006503642039542143,(-0.3665681575273371,1.861735060162876)
0.006520458172251935,(-0.3662560056913233,1.861718306059882)
0.006537339610295064,(-0.3659434329344832,1.86170155340597)
0.006554286692260194,(-0.3656304381030308,1.861684802295309)
0.006571299758933183,(-0.3653170200383739,1.861668052822907)
0.006588379153314218,(-0.3650031775770854,1.861651305084616)
0.00660552522063511,(-0.3646889095508793,1.86163455917715)
0.006622738308376735,(-0.3643742147865781,1.861617815198078)
0.006640018766286638,(-0.3640590921060892,1.861601073245841)
0.006657366946396799,(-0.3637435403263772,1.861584333419762)
0.006674783203041565,(-0.3634275582594339,1.861567595820042)
0.006692267892875743,(-0.363111144712249,1.861550860547781)
0.006709821374892858,(-0.3627942984867871,1.861534127704977)
0.006727444010443577,(-0.3624770183799547,1.861517397394542)
0.006745136163254311,(-0.3621593031835712,1.861500669720299)
0.006762898199445985,(-0.3618411516843444,1.861483944787006)
0.006780730487552965,(-0.3615225626638339,1.861467222700347)
0.006798633398542198,(-0.361203534898429,1.86145050356695)
0.006816607305832486,(-0.3608840671593145,1.861433787494396)
0.006834652585313961,(-0.3605641582124441,1.861417074591228)
0.006852769615367748,(-0.3602438068185083,1.861400364966954)
0.006870958776885787,(-0.3599230117329033,1.861383658732056)
0.006889220453290864,(-0.3596017717057022,1.861366955998009)
0.006907555030556812,(-0.3592800854816263,1.861350256877278)
0.006925962897228907,(-0.3589579518000081,1.861333561483333)
0.006944444444444444,(-0.3586353693947671,1.861316869930659)
0.006963000065953536,(-0.3583123369943731,1.861300182334757)
0.006981630158140067,(-0.3579888533218173,1.861283498812167)
0.007000335120042867,(-0.3576649170945796,1.861266819480462)
0.007019115353377081,(-0.3573405270245991,1.861250144458274)
0.007037971262555742,(-0.3570156818182362,1.861233473865287)
0.007056903254711527,(-0.356690380176246,1.861216807822259)
0.007075911739718756,(-0.356364620793741,1.861200146451023)
0.00709499713021556,(-0.3560384023601623,1.861183489874508)
0.007114159841626282,(-0.3557117235592416,1.861166838216733)
0.007133400292184075,(-0.3553845830689707,1.861150191602831)
0.00715271890295374,(-0.3550569795615707,1.861133550159056)
0.007172116097854746,(-0.3547289117034476,1.861116914012786)
0.007191592303684489,(-0.3544003781551737,1.861100283292544)
0.007211147950141777,(-0.3540713775714362,1.861083658127999)
0.007230783469850525,(-0.3537419086010158,1.861067038649985)
0.007250499298383683,(-0.3534119698867449,1.861050424990504)
0.007270295874287395,(-0.3530815600654746,1.861033817282743)
0.007290173639105378,(-0.3527506777680368,1.861017215661078)
0.007310133037403554,(-0.352419321619211,1.861000620261094)
0.007330174516794895,(-0.3520874902376883,1.860984031219588)
0.007350298527964535,(-0.3517551822360324,1.860967448674586)
0.007370505524695085,(-0.3514223962206455,1.86095087276535)
0.007390795963892238,(-0.3510891307917304,1.860934303632391)
0.007411170305610575,(-0.3507553845432536,1.860917741417484)
0.007431629013079668,(-0.3504211560629075,1.860901186263673)
0.007452172552730381,(-0.3500864439320724,1.860884638315289)
0.00747280139422148,(-0.3497512467257798,1.860868097717958)
0.007493516010466465,(-0.3494155630126707,1.860851564618616)
0.00751431687766067,(-0.3490793913549642,1.860835039165519)
0.007535204475308642,(-0.3487427303084079,1.860818521508253)
0.007556179286251767,(-0.3484055784222509,1.860802011797755)
0.007577241796696178,(-0.3480679342391939,1.860785510186319)
0.007598392496240924,(-0.3477297962953522,1.860769016827604)
0.007619631877906432,(-0.3473911631202213,1.860752531876659)
0.007640960438163234,(-0.3470520332366288,1.860736055489927)
0.00766237867696098,(-0.3467124051607006,1.860719587825264)
0.007683887097757731,(-0.346372277401811,1.860703129041941)
0.007705486207549553,(-0.3460316484625511,1.860686679300675)
0.007727176516900386,(-0.3456905168386801,1.860670238763626)
0.007748958539972227,(-0.345348881019086,1.86065380759442)
0.007770832794555593,(-0.3450067394857456,1.860637385958164)
0.007792799802100291,(-0.3446640907136753,1.86062097402145)
0.007814860087746499,(-0.3443209331708934,1.860604571952377)
0.007837014180356153,(-0.3439772653183784,1.860588179920568)
0.007859262612544641,(-0.3436330856100198,1.860571798097175)
0.00788160592071281,(-0.3432883924925758,1.860555426654903)
0.007904044645079308,(-0.342943184405632,1.860539065768018)
0.007926579329713232,(-0.3425974597815539,1.860522715612362)
0.007949210522567109,(-0.3422512170454416,1.860506376365377)
0.007971938775510204,(-0.3419044546150872,1.860490048206106)
0.007994764644362169,(-0.3415571709009243,1.860473731315222)
0.00801768868892702,(-0.3412093643059877,1.860457425875034)
0.008040711473027467,(-0.3408610332258628,1.860441132069506)
0.008063833564539569,(-0.3405121760486385,1.860424850084274)
0.008087055535427773,(-0.3401627911548642,1.860408580106664)
0.008110377961780265,(-0.3398128769174982,1.860392322325698)
0.008133801423844714,(-0.3394624317018586,1.860376076932123)
0.008157326506064353,(-0.3391114538655806,1.860359844118421)
0.00818095379711444,(-0.3387599417585614,1.860343624078824)
0.008204683889939089,(-0.3384078937229194,1.86032741700934)
0.00822851738178846,(-0.3380553080929307,1.860311223107755)
0.008252454874256354,(-0.3377021831949958,1.860295042573667)
0.008276496973318163,(-0.3373485173475765,1.860278875608491)
0.008300644289369224,(-0.3369943088611529,1.860262722415483)
0.008324897437263572,(-0.3366395560381662,1.860246583199754)
0.008349257036353067,(-0.3362842571729731,1.860230458168292)
0.008373723710526937,(-0.3359284105517884,1.860214347529976)
0.008398298088251736,(-0.3355720144526387,1.860198251495599)
0.008422980802611691,(-0.3352150671453017,1.860182170277883)
0.008447772491349483,(-0.3348575668912607,1.8601661040915)
0.008472673796907434,(-0.3344995119436453,1.860150053153089)
0.008497685366469139,(-0.3341409005471803,1.860134017681277)
0.008522807852001511,(-0.33378173093813,1.860117997896695)
0.008548041910297259,(-0.3334220013442454,1.860101994022003)
0.008573388203017831,(-0.3330617099847045,1.860086006281911)
0.008598847396736786,(-0.3327008550700586,1.860070034903187)
0.008624420162983603,(-0.3323394348021772,1.860054080114694)
0.008650107178287982,(-0.3319774473741903,1.860038142147395)
0.008675909124224583,(-0.3316148909704297,1.860022221234388)
0.008701826687458232,(-0.3312517637663726,1.860006317610915)
0.008727860559789614,(-0.3308880639285842,1.859990431514389)
0.008754011438201441,(-0.3305237896146555,1.859974563184416)
0.008780280024905088,(-0.3301589389731477,1.859958712862816)
0.008806667027387747,(-0.3297935101435316,1.859942880793643)
0.008833173158460059,(-0.329427501256125,1.859927067223209)
0.008859799136304254,(-0.3290609104320383,1.859911272400106)
0.008886545684522794,(-0.3286937357831012,1.859895496575227)
0.008913413532187549,(-0.328325975411816,1.859879740001797)
0.008940403413889466,(-0.3279576274112848,1.859864002935383)
0.008967516069788796,(-0.3275886898651472,1.859848285633923)
0.008994752245665826,(-0.3272191608475253,1.859832588357761)
0.009022112692972165,(-0.3268490384229495,1.859816911369648)
0.009049598168882586,(-0.3264783206463003,1.859801254934792)
0.009077209436347412,(-0.3261070055627437,1.859785619320864)
0.009104947264145447,(-0.3257350912076589,1.859770004798023)
0.009132812426937502,(-0.3253625756065807,1.859754411638954)
0.00916080570532048,(-0.3249894567751294,1.859738840118886)
0.009188927885882043,(-0.324615732718942,1.859723290515618)
0.009217179761255872,(-0.3242414014336073,1.85970776310954)
0.009245562130177515,(-0.3238664609045951,1.859692258183668)
0.009274075797540842,(-0.3234909091071885,1.859676776023665)
0.009302721574455114,(-0.3231147440064152,1.859661316917869)
0.009331500278302665,(-0.322737963556977,1.859645881157324)
0.00936041273279721,(-0.3223605657031751,1.8596304690358)
0.009389459768042787,(-0.3219825483788467,1.859615080849826)
0.009418642220593342,(-0.3216039095072842,1.859599716898718)
0.00944796093351296,(-0.3212246470011707,1.859584377484605)
0.009477416756436758,(-0.3208447587625019,1.859569062912461)
0.009507010545632433,(-0.3204642426825112,1.859553773490129)
0.0095367431640625,(-0.320083096641602,1.859538509528358)
0.009566615481447193,(-0.3197013185092641,1.859523271340824)
0.009596628374328082,(-0.3193189061440037,1.859508059244166)
0.009626782726132358,(-0.3189358573932641,1.859492873558019)
0.009657079427237848,(-0.3185521700933501,1.859477714605034)
0.00968751937503875,(-0.3181678420693507,1.859462582710921)
0.00971810347401208,(-0.3177828711350572,1.85944747820447)
0.009748832635784861,(-0.3173972550928883,1.859432401417595)
0.00977970777920205,(-0.3170109917338082,1.859417352685356)
0.009810729830395243,(-0.3166240788372467,1.859402332345998)
0.009841899722852102,(-0.3162365141710147,1.859387340740975)
0.009873218397486611,(-0.3158482954912277,1.859372378214996)
0.009904686802710051,(-0.3154594205422181,1.859357445116051)
0.009936305894502822,(-0.3150698870564546,1.859342541795445)
0.009968076636487053,(-0.3146796927544581,1.859327668607835)
0.01,(-0.3142888353447156,1.859312825911269)
0.01003207696416831,(-0.3138973125235915,1.859298014067207)
0.01006430851598309,(-0.3135051219752476,1.859283233440575)
0.01009669565037582,(-0.3131122613715528,1.859268484399791)
0.01012923937029517,(-0.3127187283719898,1.859253767316801)
0.0101619406867846,(-0.3123245206235766,1.859239082567122)
0.01019480061906092,(-0.3119296357607685,1.859224430529876)
0.01022782019459369,(-0.3115340714053683,1.859209811587823)
0.01026100044918555,(-0.3111378251664408,1.859195226127413)
0.01029434242705347,(-0.3107408946402162,1.859180674538816)
0.01032784718091083,(-0.3103432774099943,1.859166157215953)
0.01036151577205063,(-0.3099449710460569,1.859151674556556)
0.01039534927042944,(-0.3095459731055685,1.859137226962189)
0.01042934875475245,(-0.3091462811324852,1.859122814838305)
0.01046351531255943,(-0.3087458926574523,1.859108438594274)
0.01049785004031174,(-0.3083448051977113,1.859094098643435)
0.01053235404348025,(-0.3079430162570011,1.859079795403128)
0.01056702843663435,(-0.3075405233254576,1.85906552929475)
0.01060187434353194,(-0.3071373238795137,1.859051300743784)
0.01063689289721051,(-0.3067334153817998,1.859037110179854)
0.01067208524007923,(-0.3063287952810385,1.859022958036766)
0.01070745252401211,(-0.3059234610119485,1.85900884475255)
0.01074299591044226,(-0.305517409995133,1.858994770769511)
0.01077871657045728,(-0.305110639636978,1.858980736534268)
0.01081461568489567,(-0.3047031473295488,1.85896674249781)
0.01085069444444445,(-0.3042949304504787,1.858952789115532)
0.01088695404973788,(-0.303885986362865,1.858938876847292)
0.01092339571145737,(-0.3034763124151604,1.858925006157458)
0.01096002065043251,(-0.3030659059410567,1.858911177514951)
0.01099683009774335,(-0.3026547642593844,1.858897391393301)
0.01103382529482381,(-0.3022428846739905,1.858883648270696)
0.01107100749356642,(-0.3018302644736325,1.858869948630028)
0.01110837795642814,(-0.3014169009318618,1.858856292958953)
0.01114593795653762,(-0.301002791306909,1.858842681749934)
0.01118368877780355,(-0.300587932841565,1.8588291155003)
0.01122163171502442,(-0.3001723227630681,1.858815594712298)
0.01125976807399956,(-0.2997559582829828,1.858802119893143)
0.01129809917164144,(-0.2993388365970813,1.858788691555083)
0.01133662633608943,(-0.2989209548852215,1.858775310215443)
0.01137535090682477,(-0.2985023103112236,1.858761976396684)
0.01141427423478705,(-0.2980829000227531,1.858748690626465)
0.01145339768249202,(-0.2976627211511896,1.858735453437697)
0.01149272262415083,(-0.2972417708115057,1.858722265368599)
0.01153225044579067,(-0.2968200461021355,1.858709126962763)
0.01157198254537698,(-0.2963975441048529,1.858696038769205)
0.01161192033293698,(-0.2959742618846378,1.858683001342435)
0.01165206523068479,(-0.2955501964895483,1.858670015242514)
0.01169241867314807,(-0.2951253449505855,1.858657081035114)
0.01173298210729615,(-0.2946997042815632,1.85864419929158)
0.01177375699266975,(-0.2942732714789739,1.858631370589003)
0.01181474480151229,(-0.293846043521852,1.858618595510274)
0.01185594701890274,(-0.2934180173716336,1.858605874644153)
0.01189736514289021,(-0.2929891899720267,1.858593208585334)
0.01193900068463006,(-0.2925595582488595,1.85858059793452)
0.01198085516852175,(-0.2921291191099516,1.858568043298473)
0.01202293013234841,(-0.2916978694449616,1.858555545290102)
0.01206522712741806,(-0.2912658061252488,1.858543104528523)
0.01210774771870661,(-0.2908329260037265,1.858530721639129)
0.0121504934850026,(-0.2903992259147122,1.858518397253664)
0.0121934660190538,(-0.2899647026737833,1.858506132010291)
0.01223666692771556,(-0.2895293530776258,1.858493926553677)
0.012280097832101,(-0.2890931739038818,1.858481781535049)
0.01232376036773312,(-0.2886561619109976,1.858469697612284)
0.01236765618469878,(-0.2882183138380686,1.858457675449981)
0.01241178694780456,(-0.2877796264046861,1.858445715719537)
0.01245615433673469,(-0.287340096310774,1.858433819099222)
0.01250076004621081,(-0.2868997202364346,1.858421986274266)
0.01254560578615383,(-0.2864584948417857,1.85841021793693)
0.01259069328184781,(-0.2860164167667993,1.858398514786596)
0.01263602427410589,(-0.2855734826311362,1.858386877529844)
0.01268160051943836,(-0.2851296890339792,1.858375306880538)
0.01272742379022273,(-0.28468503255387,1.858363803559907)
0.01277349587487615,(-0.284239509748533,1.858352368296636)
0.01281981857802983,(-0.283793117154712,1.858341001826946)
0.01286639372070579,(-0.2833458512879889,1.858329704894689)
0.01291322314049587,(-0.2828977086426195,1.858318478251433)
0.01296030869174289,(-0.2824486856913466,1.858307322656551)
0.01300765224572433,(-0.2819987788852285,1.858296238877319)
0.01305525569083818,(-0.2815479846534552,1.858285227688999)
0.01310312093279126,(-0.281096299403171,1.858274289874943)
0.01315124989479,(-0.2806437195192836,1.858263426226681)
0.01319964451773356,(-0.280190241364288,1.858252637544019)
0.01324830676040956,(-0.2797358612780656,1.858241924635143)
0.01329723859969227,(-0.2792805755777072,1.858231288316706)
0.01334644203074337,(-0.2788243805573139,1.858220729413941)
0.01339591906721536,(-0.2783672724878056,1.858210248760756)
0.01344567174145759,(-0.2779092476167246,1.858199847199836)
0.01349570210472492,(-0.277450302168036,1.858189525582754)
0.01354601222738921,(-0.2769904323419318,1.858179284770069)
0.01359660419915349,(-0.276529634314624,1.858169125631442)
0.01364748012926893,(-0.2760679042381453,1.858159049045743)
0.01369864214675476,(-0.2756052382401326,1.858149055901146)
0.01375009240062093,(-0.2751416324236339,1.85813914709527)
0.01380183306009384,(-0.2746770828668824,1.858129323535269)
0.01385386631484496,(-0.2742115856230909,1.858119586137954)
0.0139061943752225,(-0.2737451367202347,1.858109935829913)
0.01395881947248616,(-0.2732777321608315,1.858100373547625)
0.014011743859045,(-0.2728093679217251,1.858090900237585)
0.01406496980869841,(-0.2723400399538575,1.858081516856419)
0.0141184996168804,(-0.2718697441820473,1.85807222437101)
0.01417233560090703,(-0.2713984765047612,1.858063023758627)
0.01422648010022726,(-0.2709262327938845,1.858053916007045)
0.01428093547667706,(-0.2704530088944845,1.858044902114677)
0.01433570411473701,(-0.2699788006245801,1.858035983090709)
0.01439078842179332,(-0.2695036037749034,1.85802715995522)
0.01444619082840237,(-0.2690274141086515,1.858018433739328)
0.01450191378855885,(-0.2685502273612566,1.85800980548532)
0.0145579597799675,(-0.2680720392401282,1.858001276246792)
0.01461433130431855,(-0.2675928454244094,1.857992847088783)
0.01467103088756685,(-0.2671126415647246,1.857984519087929)
0.01472806108021491,(-0.2666314232829282,1.857976293332593)
0.01478542445759966,(-0.2661491861718414,1.857968170923021)
0.01484312362018323,(-0.2656659257949975,1.857960152971482)
0.01490116119384766,(-0.2651816376863751,1.857952240602426)
0.01495953983019366,(-0.2646963173501349,1.85794443495263)
0.01501826220684352,(-0.2642099602603509,1.857936737171352)
0.01507733102774808,(-0.2637225618607347,1.857929148420495)
0.01513674902349805,(-0.2632341175643638,1.857921669874755)
0.01519651895163957,(-0.2627446227534017,1.857914302721794)
0.01525664359699417,(-0.2622540727788175,1.85790704816239)
0.01531712577198314,(-0.2617624629600999,1.857899907410615)
0.01537796831695641,(-0.2612697885849705,1.857892881693996)
0.01543917410052607,(-0.260776044909093,1.857885972253688)
0.01550074601990445,(-0.2602812271557733,1.857879180344645)
0.015562687001247,(-0.2597853305156699,1.8578725072358)
0.015625,(-0.2592883501464858,1.857865954210238)
0.015687688001253,(-0.2587902811726652,1.857859522565381)
0.01575075402009645,(-0.2582911186850851,1.857853213613169)
0.01581420110198414,(-0.2577908577407448,1.857847028680248)
0.01587803232310094,(-0.2572894933624464,1.857840969108151)
0.01594225079073564,(-0.2567870205384782,1.857835036253508)
0.01600685964365913,(-0.2562834342222881,1.857829231488216)
0.01607186205250793,(-0.2557787293321616,1.85782355619966)
0.01613726122017318,(-0.2552729007508848,1.857818011790897)
0.01620306038219519,(-0.2547659433254134,1.857812599680864)
0.01626926280716368,(-0.2542578518665309,1.857807321304585)
0.01633587179712363,(-0.2537486211485109,1.857802178113386)
0.0164028906879871,(-0.2532382459087603,1.857797171575096)
0.01647032284995088,(-0.2527267208474796,1.85779230317427)
0.0165381716879202,(-0.2522140406272962,1.857787574412407)
0.01660644064193856,(-0.2517001998729147,1.857782986808173)
0.01667513318762379,(-0.2511851931707448,1.857778541897624)
0.01674425283661039,(-0.2506690150685379,1.857774241234438)
0.01681380313699833,(-0.2501516600750094,1.857770086390142)
0.01688378767380846,(-0.2496331226594677,1.857766078954356)
0.01695421006944445,(-0.2491133972514239,1.857762220535029)
0.01702507398416151,(-0.2485924782402129,1.857758512758678)
0.01709638311654207,(-0.2480703599745968,1.857754957270643)
0.01716814120397839,(-0.2475470367623675,1.85775155573533)
0.01724035202316221,(-0.2470225028699504,1.85774830983647)
0.01731301939058172,(-0.2464967525219965,1.857745221277379)
0.01738614716302587,(-0.2459697799009675,1.857742291781217)
0.01745973923809609,(-0.2454415791467224,1.857739523091253)
0.01753379955472566,(-0.244912144356098,1.85773691697114)
0.01760833209370676,(-0.2443814695824756,1.857734475205191)
0.01768334087822544,(-0.2438495488353589,1.857732199598652)
0.01775882997440455,(-0.2433163760799243,1.857730091977991)
0.01783480349185477,(-0.2427819452365894,1.857728154191181)
0.01791126558423396,(-0.2422462501805552,1.857726388107996)
0.01798822044981488,(-0.2417092847413586,1.857724795620311)
0.01806567233206151,(-0.241171042702408,1.857723378642393)
0.01814362552021404,(-0.2406315178005202,1.857722139111223)
0.01822208434988267,(-0.2400907037254426,1.857721078986785)
0.0183010532036506,(-0.2395485941193895,1.85772020025241)
0.0183805365116859,(-0.2390051825765392,1.857719504915074)
0.01846053875236295,(-0.238460462642559,1.857718995005734)
0.01854106445289324,(-0.2379144278141007,1.857718672579662)
0.01862211818996587,(-0.2373670715383018,1.857718539716774)
0.01870370459039784,(-0.2368183872122743,1.857718598521976)
0.0187858283317944,(-0.2362683681825867,1.857718851125515)
0.01886849414321942,(-0.2357170077447467,1.857719299683326)
0.0189517068058763,(-0.2351642991426668,1.857719946377393)
0.0190354711537993,(-0.2346102355681317,1.857720793416121)
0.01911979207455556,(-0.2340548101602513,1.85772184303469)
0.01920467450995816,(-0.2334980160049117,1.857723097495446)
0.01929012345679013,(-0.2329398461342192,1.857724559088279)
0.01937614396753984,(-0.232380293525931,1.857726230131013)
0.01946274115114796,(-0.2318193511028887,1.857728112969796)
0.01954992017376595,(-0.2312570117324317,1.857730209979508)
0.01963768625952663,(-0.230693268225812,1.857732523564164)
0.01972604469132686,(-0.2301281133375994,1.857735056157336)
0.01981500081162244,(-0.2295615397650773,1.857737810222567)
0.01990456002323579,(-0.2289935401476282,1.8577407882538)
0.01999472779017629,(-0.2284241070661184,1.857743992775825)
0.02008550963847368,(-0.2278532330422634,1.857747426344703)
0.0201769111570248,(-0.2272809105379974,1.857751091548236)
0.02026893799845372,(-0.2267071319548231,1.85775499100641)
0.02036159587998582,(-0.2261318896331575,1.857759127371868)
0.02045489058433568,(-0.2255551758516743,1.857763503330379)
0.02054882796060938,(-0.2249769828266206,1.857768121601323)
0.02064341392522129,(-0.2243973027111476,1.857772984938179)
0.02073865446282571,(-0.2238161275946109,1.857778096129021)
0.02083455562726346,(-0.2232334495018739,1.857783457997026)
0.02093112354252401,(-0.222649260392596,1.857789073400983)
0.02102836440372306,(-0.2220635521605124,1.857794945235824)
0.02112628447809627,(-0.2214763166327046,1.857801076433151)
0.02122489010600899,(-0.2208875455688653,1.857807469961777)
0.02132418770198271,(-0.2202972306605351,1.857814128828281)
0.02142418375573825,(-0.2197053635303564,1.857821056077559)
0.02152488483325619,(-0.219111935731287,1.857828254793397)
0.02162629757785467,(-0.2185169387458319,1.857835728099061)
0.02172842871128516,(-0.2179203639852369,1.857843479157865)
0.02183128503484622,(-0.2173222027886919,1.857851511173789)
0.02193487343051594,(-0.2167224464225118,1.857859827392074)
0.02203920086210301,(-0.2161210860793062,1.857868431099857)
0.02214427437641723,(-0.2155181128771407,1.857877325626787)
0.02225010110445941,(-0.2149135178586889,1.857886514345679)
0.02235668826263135,(-0.2143072919903634,1.85789600067316)
0.02246404315396604,(-0.2136994261614387,1.857905788070334)
0.0225721731693787,(-0.2130899111831638,1.85791588004346)
0.02268108578893889,(-0.2124787377878615,1.857926280144644)
0.02279078858316413,(-0.2118658966280086,1.857936991972529)
0.02290128921433555,(-0.2112513782753114,1.857948019173021)
0.0230125954378358,(-0.2106351732197583,1.85795936544)
0.02312471510350993,(-0.2100172718686705,1.85797103451607)
0.02323765615704938,(-0.2093976645457231,1.857983030193306)
0.0233514266413998,(-0.2087763414899672,1.857995356314013)
0.02346603469819301,(-0.2081532928548283,1.858008016771518)
0.02358148856920355,(-0.2075285087070917,1.858021015510949)
0.02369779659783057,(-0.2069019790258737,1.858034356530051)
0.02381496723060509,(-0.2062736937015759,1.858048043879999)
0.02393300901872365,(-0.2056436425348258,1.858062081666242)
0.02405193061960852,(-0.205011815235402,1.858076474049353)
0.02417174079849508,(-0.2043782014211392,1.858091225245886)
0.02429244843004708,(-0.2037427906168209,1.858106339529278)
0.0244140625,(-0.2031055722530523,1.858121821230727)
0.0245365921068335,(-0.2024665356651167,1.858137674740119)
0.02466004646347315,(-0.2018256700918191,1.858153904506961)
0.02478443489902226,(-0.2011829646743036,1.858170515041323)
0.02490976686052443,(-0.2005384084548562,1.858187510914807)
0.02503605191475725,(-0.1998919903756977,1.858204896761541)
0.02516329975005798,(-0.1992436992777417,1.858222677279165)
0.0252915201781818,(-0.198593523899343,1.858240857229865)
0.02542072313619325,(-0.1979414528750322,1.858259441441415)
0.02555091868839163,(-0.1972874747342156,1.858278434808224)
0.02568211702827088,(-0.1966315778998693,1.858297842292432)
0.02581432848051493,(-0.1959737506872006,1.858317668924998)
0.02594756350302902,(-0.1953139813022996,1.858337919806826)
0.02608183268900774,(-0.1946522578407603,1.858358600109911)
0.02621714676904078,(-0.1939885682862874,1.858379715078499)
0.02635351661325687,(-0.1933229005092704,1.858401270030267)
0.02649095323350694,(-0.1926552422653488,1.858423270357545)
0.0266294677855872,(-0.1919855811939447,1.858445721528536)
0.02676907157150297,(-0.1913139048167743,1.858468629088579)
0.02690977604177431,(-0.1906402005363308,1.858491998661423)
0.02705159279778394,(-0.1899644556343608,1.858515835950537)
0.02719453359416879,(-0.1892866572702847,1.858540146740436)
0.02733861034125585,(-0.1886067924796257,1.85856493689803)
0.02748383510754315,(-0.1879248481723857,1.858590212374021)
0.02763022012222725,(-0.1872408111314121,1.858615979204297)
0.02777777777777778,(-0.1865546680107302,1.858642243511373)
0.02792652063256027,(-0.1858664053338461,1.858669011505858)
0.02807646141350833,(-0.1851760094920299,1.85869628948794)
0.02822761301884611,(-0.1844834667425641,1.85872408384892)
0.02837998852086224,(-0.1837887632069602,1.858752401072751)
0.0285336011687363,(-0.1830918848691531,1.858781247737633)
0.02868846439141898,(-0.182392817573664,1.858810630517615)
0.02884459180056711,(-0.1816915470237238,1.858840556184256)
0.02900199719353473,(-0.1809880587793782,1.858871031608292)
0.02916069455642151,(-0.1802823382555482,1.858902063761356)
0.02932069806717958,(-0.1795743707200639,1.858933659717723)
0.02948202209878034,(-0.1788641412916706,1.858965826656099)
0.0296446812224423,(-0.1781516349379833,1.858998571861423)
0.02980869021092152,(-0.1774368364734265,1.859031902726745)
0.02997406404186586,(-0.1767197305571273,1.859065826755107)
0.03014081790123457,(-0.1760003016907689,1.859100351561471)
0.03030896718678471,(-0.1752785342164191,1.859135484874699)
0.03047852751162573,(-0.1745544123143113,1.859171234539567)
0.03064951470784392,(-0.1738279200005873,1.859207608518809)
0.03082194483019821,(-0.1730990411250063,1.859244614895214)
0.03099583415988891,(-0.1723677593686076,1.859282261873775)
0.03117119920840116,(-0.1716340582413375,1.859320557783862)
0.03134805672142461,(-0.1708979210796295,1.859359511081455)
0.03152642368285124,(-0.1701593310439435,1.859399130351417)
0.03170631731885293,(-0.1694182711162623,1.859439424309821)
0.03188775510204082,(-0.1686747240975409,1.859480401806318)
0.03207075475570808,(-0.1679286726051126,1.859522071826561)
0.03225533425815828,(-0.1671800990700489,1.859564443494677)
0.03244151184712106,(-0.1664289857344633,1.859607526075791)
0.03262930602425741,(-0.1656753146487831,1.859651328978606)
0.03281873555975635,(-0.164919067668953,1.859695861758037)
0.03300981949702542,(-0.1641602264535983,1.859741134117901)
0.0332025771574769,(-0.1633987724611375,1.859787155913666)
0.03339702814541227,(-0.1626346869468339,1.859833937155252)
0.03359319235300694,(-0.1618679509597984,1.859881488009911)
0.03379108996539793,(-0.1610985453399362,1.85992981880514)
0.03399074146587656,(-0.1603264507148359,1.859978940031688)
0.03419216764118903,(-0.1595516474965991,1.86002886234661)
0.03439538958694714,(-0.1587741158786143,1.860079596576387)
0.03460042871315193,(-0.1579938358322664,1.86013115372013)
0.03480730674983293,(-0.1572107871035862,1.860183544952831)
0.03501604575280576,(-0.1564249492098386,1.860236781628715)
0.03522666810955099,(-0.1556363014360351,1.860290875284629)
0.03543919654521702,(-0.1548448228314002,1.860345837643549)
0.0356536541287502,(-0.1540504922057479,1.860401680618128)
0.03587006427915519,(-0.1532532881258025,1.860458416314347)
0.03608845077188866,(-0.1524531889114439,1.86051605703523)
0.03630883774538965,(-0.1516501726318814,1.860574615284665)
0.03653124970775001,(-0.1508442171017532,1.860634103771285)
0.03675571154352817,(-0.150035299877143,1.860694535412459)
0.03698224852071006,(-0.1492233982515352,1.860755923338361)
0.03721088629782045,(-0.1484084892516681,1.860818280896133)
0.03744165093118884,(-0.1475905496333288,1.860881621654149)
0.03767456888237337,(-0.1467695558770413,1.860945959406372)
0.03790966702574703,(-0.1459454841836881,1.861011308176809)
0.03814697265625,(-0.1451183104700356,1.861077682224086)
0.03838651349731233,(-0.1442880103641692,1.861145096046088)
0.03862831770895139,(-0.1434545592008378,1.861213564384763)
0.03887241389604832,(-0.1426179320167051,1.861283102230993)
0.0391188311168082,(-0.1417781035455068,1.861353724829598)
0.03936759889140841,(-0.1409350482131018,1.861425447684452)
0.0396187472108402,(-0.1400887401324298,1.861498286563732)
0.03987230654594821,(-0.1392391530983599,1.861572257505268)
0.04012830785667325,(-0.1383862605824353,1.861647376822038)
0.04038678260150329,(-0.1375300357275126,1.861723661107795)
0.04064776274713839,(-0.1366704513422849,1.861801127242815)
0.04091128077837476,(-0.1358074798956858,1.861879792399789)
0.04117736970821386,(-0.1349410935111935,1.861959674049864)
0.04144606308820253,(-0.1340712639609918,1.862040789968814)
0.04171739501900978,(-0.1331979626600292,1.862123158243383)
0.04199140016124698,(-0.1323211606599391,1.862206797277758)
0.04226811374653739,(-0.131440828642829,1.862291725800211)
0.04254757158884205,(-0.1305569369149506,1.862377962869913)
0.04282981009604842,(-0.1296694554002201,1.862465527883898)
0.04311486628182912,(-0.1287783536336,1.862554440584208)
0.04340277777777778,(-0.1278836007543494,1.862644721065215)
0.04369358284582946,(-0.1269851654991129,1.862736389781119)
0.04398732039097338,(-0.1260830161948661,1.862829467553648)
0.04428402997426567,(-0.1251771207517061,1.862923975579922)
0.04458375182615048,(-0.1242674466554827,1.863019935440553)
0.04488652686009767,(-0.1233539609602614,1.863117369107909)
0.04519239668656578,(-0.1224366302806302,1.863216298954623)
0.0455014036272991,(-0.1215154207838205,1.863316747762288)
0.04581359072996809,(-0.1205902981816678,1.863418738730395)
0.04612900178316269,(-0.1196612277223703,1.863522295485489)
0.04644768133174791,(-0.118728174182085,1.863627442090563)
0.04676967469259229,(-0.1177911018563122,1.863734203054693)
0.04709502797067901,(-0.1168499745511011,1.863842603342924)
0.04742378807561096,(-0.1159047555740343,1.863952668386411)
0.04775600273852022,(-0.1149554077250248,1.864064424092827)
0.04809172052939365,(-0.1140018932868868,1.86417789685704)
0.04843099087482643,(-0.1130441740156926,1.864293113572068)
0.04877386407621521,(-0.1120822111309031,1.864410101640335)
0.049120391328404,(-0.1111159653052709,1.864528888985209)
0.04947062473879511,(-0.1101453966544965,1.864649504062861)
0.04982461734693878,(-0.1091704647266513,1.864771975874428)
0.05018242314461531,(-0.1081911284913434,1.864896333978511)
0.05054409709642357,(-0.1072073463286206,1.865022608504004)
0.05090969516089092,(-0.1062190760176197,1.865150830163274)
0.0512792743121193,(-0.1052262747249278,1.865281030265693)
0.05165289256198347,(-0.1042288989926744,1.86541324073154)
0.05203060898289733,(-0.1032269047263251,1.865547494106285)
0.05241248373116505,(-0.102220247182184,1.865683823575266)
0.05279857807093425,(-0.1012088809545817,1.865822262978762)
0.05318895439876908,(-0.1001927599627595,1.865962846827496)
0.05358367626886146,(-0.09917183743741081,1.866105610318551)
0.05398280841889969,(-0.09814606590690821,1.866250589351756)
0.05438641679661395,(-0.09711539718316835,1.866397820546499)
0.05479456858701903,(-0.09607978234717043,1.866547341259039)
0.05520733224037538,(-0.0950391717341125,1.866699189600298)
0.05562477750089,(-0.09399351491817907,1.86685340445415)
0.05604697543617999,(-0.09294276069693075,1.867010025496241)
0.05647399846752158,(-0.0918868570752925,1.867169093213347)
0.05690592040090904,(-0.09082575124912234,1.867330648923278)
0.05734281645894804,(-0.08975938958836498,1.867494734795371)
0.05778476331360947,(-0.08868771761975888,1.867661393871563)
0.05823183911987,(-0.08761068000909927,1.867830670088087)
0.05868412355026741,(-0.08652822054302313,1.868002608297792)
0.05914169783039864,(-0.08544028211032828,1.868177254293134)
0.05960464477539062,(-0.08434680668278807,1.868354654829827)
0.06007304882737408,(-0.08324773529545143,1.868534857651204)
0.06054699609399219,(-0.08214300802642535,1.868717911513302)
0.06102657438797669,(-0.08103256397610048,1.868903866210705)
0.06151187326782565,(-0.07991634124582327,1.869092772603128)
0.06200298407961778,(-0.07879427691598545,1.869284682642858)
0.0625,(-0.07766630702351099,1.869479649402971)
0.0630030160803858,(-0.07653236653872447,1.869677727106448)
0.06351212929240374,(-0.07539238934158238,1.869878971156153)
0.06402743857463652,(-0.07424630819724408,1.870083438165758)
0.06454904488069273,(-0.07309405473095196,1.870291185991589)
0.06507705122865473,(-0.0719355594022191,1.870502273765488)
0.06561156275194839,(-0.0707707514782752,1.870716761928689)
0.0661526867516808,(-0.06959955900676412,1.870934712266742)
0.06670053275049517,(-0.06842190878766923,1.871156187945552)
0.06725521254799333,(-0.06723772634441291,1.871381253548543)
0.06781684027777779,(-0.06604693589414212,1.871609975115013)
0.0683855324661683,(-0.06484946031714107,1.871842420179698)
0.06896140809264883,(-0.06364522112535237,1.872078657813611)
0.06954458865210347,(-0.06243413842997712,1.872318758666201)
0.07013519821890263,(-0.0612161309081144,1.872562795008866)
0.07073336351290176,(-0.05999111576841538,1.87281084077988)
0.07133921396741909,(-0.05875900871571187,1.873062971630804)
0.0719528817992595,(-0.05751972391457351,1.873319264974391)
0.07257450208085614,(-0.05627317395178327,1.873579800034108)
0.07320421281460242,(-0.05501926979765785,1.873844657895273)
0.07384215500945179,(-0.05375792076619076,1.874113921557897)
0.07448847275986348,(-0.05248903447397554,1.874387675991315)
0.07514331332717761,(-0.05121251679785697,1.874666008190643)
0.07580682722350519,(-0.0499282718312694,1.874949007235148)
0.07647916829822225,(-0.04863620183920132,1.875236764348596)
0.0771604938271605,(-0.0473362072117569,1.87552937296168)
0.07785096460459184,(-0.04602818641623844,1.875826928776585)
0.07855074503810652,(-0.04471203594771039,1.876129529833773)
0.07926000324648974,(-0.04338765027797727,1.876437276581115)
0.07997891116070514,(-0.04205492180292046,1.876750271945407)
0.08070764462809919,(-0.04071374078812554,1.877068621406423)
0.08144638351994329,(-0.03936399531274413,1.87739243307356)
0.0821953118424375,(-0.03800557121150719,1.877721817765222)
0.08295461785130284,(-0.03663835201482628,1.878056889091027)
0.08372449417009603,(-0.03526221888690533,1.878397763536962)
0.08450513791238508,(-0.03387705056179111,1.878744560553618)
0.08529675080793082,(-0.03248272327726232,1.879097402647628)
0.08609953933302476,(-0.03107911070648528,1.879456415476421)
0.08691371484514063,(-0.02966608388734984,1.879821727946485)
0.08773949372206374,(-0.02824351114936644,1.880193472315226)
0.08857709750566893,(-0.02681125803805922,1.88057178429663)
0.0894267530505254,(-0.02536918723672268,1.880956803170855)
0.09028869267751478,(-0.02391715848544371,1.88134867189794)
0.09116315433265654,(-0.0224550284972793,1.881747537235811)
0.09205038175134318,(-0.02098265087146366,1.882153549862773)
0.0929506246281975,(-0.01949987600352163,1.882566864504664)
0.09386413879277203,(-0.01800655099215439,1.88298764006693)
0.09479118639132229,(-0.01650251954276189,1.883416039771765)
0.09573203607489461,(-0.01498762186745179,1.883852231300616)
0.09668696319398033,(-0.0134616945813997,1.884296386942266)
0.09765625,(-0.01192457059536301,1.88474868374672)
0.0986401858538926,(-0.01037607900422793,1.885209303685217)
0.09963906744209773,(-0.008816044971373336,1.88567843381661)
0.1006531990002319,(-0.00724428960868281,1.886156266460415)
0.101682892544773,(-0.005660629852010475,1.886642999376855)
0.1027284681130835,(-0.004064878331888486,1.887138835954212)
0.1037902540121161,(-0.002456843239255884,1.887643985403836)
0.1048685870761631,(-0.0008363281859971611,1.888158662963196)
0.1059638129340278,(0.0007968679399824648,1.888683090107308)
0.1070762862860119,(0.002442951125355152,1.889217494769006)
0.1082063711911358,(0.004102132387950222,1.889762111568443)
0.1093544413650234,(0.005774627939575576,1.890317182052283)
0.110520880488909,(0.007460659355379847,1.890882954943071)
0.1117060825302411,(0.009160453750082603,1.89145968639927)
0.1129104520753844,(0.01087424396138405,1.892047640286512)
0.1141344046749452,(0.0126022687409299,1.89264708846062)
0.1153783672022684,(0.0143447729531739,1.893258311062985)
0.116642778225686,(0.01610200778255667,1.89388159682895)
0.1179280883951214,(0.01787423094939365,1.894517243409861)
0.1192347608436861,(0.01966170693493104,1.895165557709471)
0.1205632716049383,(0.02146470721600803,1.895826856235474)
0.1219141100465029,(0.02328351050983997,1.896501465466955)
0.1232877793207929,(0.02511840302943892,1.897189722238571)
0.1246847968336047,(0.02696967875020797,1.897891974142399)
0.126105694731405,(0.0288376396883184,1.898608579948363)
0.1275510204081633,(0.03072259619146827,1.899339910044247)
0.1290213370326331,(0.03262486724269743,1.900086346896394)
0.1305172240970296,(0.03454478077795121,1.900848285532177)
0.1320392779881017,(0.03648267401814906,1.901626134045481)
0.1335881125816491,(0.03843889381652028,1.902420314126481)
0.1351643598615917,(0.04041379702208613,1.903231261617045)
0.1367686705647561,(0.04240775086015264,1.904059427093266)
0.1384017148526077,(0.04442113333078516,1.904905276476621)
0.1400641830112231,(0.04645433362627505,1.905769291675444)
0.1417567861808681,(0.04850775256866543,1.906651971258457)
0.1434802571166207,(0.05058180306852764,1.907553831162234)
0.1452353509815586,(0.05267691060617549,1.908475405434595)
0.1470228461741127,(0.05479351373666916,1.909417247016099)
0.1488435451912818,(0.05693206461997879,1.910379928561884)
0.1506982755294935,(0.05909302957785034,1.911364043306323)
0.152587890625,(0.06127688967893991,1.912370205973117)
0.1545132708358056,(0.06348414135395176,1.913399053733596)
0.1564753244672328,(0.06571529704264188,1.91445124721625)
0.1584749888433608,(0.06797088587460885,1.915527471570722)
0.160513231426693,(0.07025145438603995,1.916628437589661)
0.1625910509885536,(0.07255756727464881,1.917754882892176)
0.1647094788328554,(0.0748898081952508,1.91890757317286)
0.1668695800760391,(0.07724878059860028,1.920087303520635)
0.1690724549861496,(0.07963510861629493,1.921294899812025)
0.1713192403841937,(0.08204943799477779,1.922531220183801)
0.1736111111111111,(0.08449243708171125,1.923797156590297)
0.1759492815638935,(0.0869647978682208,1.925093636451159)
0.1783350073046019,(0.08946723709081011,1.926421624395681)
0.1807695867462631,(0.09200049739703724,1.92778212411043)
0.1832543629198724,(0.09456534857936658,1.929176180297327)
0.1857907253269916,(0.0971625888819859,1.930604880750019)
0.1883801118827161,(0.09979304638573663,1.932069358556927)
0.1910240109540809,(0.102457580476785,1.933570794440115)
0.1937239634993057,(0.1051570834050664,1.935110419239852)
0.196481565313616,(0.1078924819391159,1.936689516555589)
0.1992984693877551,(0.1106647391244025,1.938309425554999)
0.2021763883856943,(0.1134748561529625,1.939971543963676)
0.2051170972484772,(0.1163238743527462,1.941677331249298)
0.2081224359315893,(0.1192128773059081,1.943428312015148)
0.211194312283737,(0.1221429931060463,1.94522607961935)
0.2143347050754458,(0.1251153967653488,1.947072300037539)
0.2175456671864558,(0.1281313127835779,1.948968715988407)
0.2208293289615015,(0.1311920178919755,1.95091715134331)
0.2241879017447199,(0.134298843986386,1.952919515843128)
0.2276236816036362,(0.1374531812652822,1.954977810147782)
0.2311390532544379,(0.1406564815898826,1.957094131246269)
0.2347364942010696,(0.1439102620852567,1.959270678257778)
0.2384185791015625,(0.1472161090032184,1.96150975865748)
0.2421879843759688,(0.1505756818698714,1.963813794963972)
0.2460474930713026,(0.1539907179430592,1.96618533192909)
0.25,(0.1574630370075828,1.968627044275035)
0.254048517169615,(0.1609945465390063,1.971141745028436)
0.2581961795227709,(0.1645872472701577,1.97373239450623)
0.2624462510077936,(0.1682432391981825,1.97640211001421)
0.2668021310019807,(0.1719647280741487,1.979154176325636)
0.2712673611111112,(0.1757540324219615,1.981992057014916)
0.2758456323705953,(0.1796135911386564,1.984919406729693)
0.2805407928756105,(0.1835459717341795,1.987940084494304)
0.2853568558696764,(0.1875538792756188,1.991058168148334)
0.2902980083234246,(0.1916401661086371,1.994277970036316)
0.2953686200378072,(0.195807842437708,1.997604054078491)
0.3005732533087104,(0.2000600878569045,2.001041254368505)
0.305916673192889,(0.2044002639345195,2.004594695462059)
0.3114038584183674,(0.208831927968137,2.008269814541225)
0.317040012985959,(0.2133588480419631,2.012072385663054)
0.3228305785123968,(0.2179850195358388,2.016008546328406)
0.32878124736975,(0.2227146832556506,2.020084826638573)
0.3348979766803841,(0.2275523453783588,2.024308181343677)
0.3411870032317233,(0.2325027994321934,2.028686025129164)
0.3476548593805625,(0.2375711505643388,2.03322627153582)
0.3543083900226757,(0.2427628423856085,2.037937375966032)
0.3611547707100591,(0.2480836867251534,2.04282838329592)
0.3682015270053727,(0.2535398966794098,2.047908980691543)
0.3754565551710881,(0.2591381233999006,2.053189556319782)
0.3829281442995784,(0.2648854971359652,2.058681264753591)
0.390625,(0.2707896731334323,2.064396100000672)
0.3985562697683909,(0.2768588830915383,2.070346977238456)
0.406731570179092,(0.2831019930017102,2.076547824522049)
0.4151610160484643,(0.2895285683376872,2.083013685952229)
0.423855251736111,(0.2961489477426624,2.089760838056099)
0.432825484764543,(0.3029743265729438,2.096806921454284)
0.442083521955636,(0.3100168519182664,2.104171090279447)
0.4516418083015377,(0.3172897310383556,2.111874182288382)
0.4615134688090737,(0.3248073555488443,2.119938913196838)
0.4717123535804855,(0.3325854441770689,2.128390099491326)
0.4822530864197531,(0.3406412075155786,2.137254914873353)
0.4931511172831714,(0.348993538962361,2.146563186618556)
0.5044227789256198,(0.3576632369969515,2.156347739551833)
0.5160853481305324,(0.366673265160696,2.166644797137263)
0.5281571119524067,(0.3760490576681252,2.177494451476367)
0.5406574394463669,(0.3858188805835029,2.188941216959166)
0.5536068594104309,(0.3960142611007627,2.201034686137428)
0.5670271447234723,(0.4066705008700369,2.21383031138805)
0.5809414039262344,(0.4178272938023041,2.227390342523532)
0.5953741807651273,(0.4295294747498742,2.241784959269668)
0.6103515625,(0.4418279334596764,2.257093649295376)
0.6259012978689312,(0.4547807390178885,2.273406898427049)
0.642052925706772,(0.4684545347788102,2.290828281515704)
0.6588379153314218,(0.482926284132731,2.309477072634893)
0.6762898199445982,(0.4982854758016566,2.329491535530306)
0.6944444444444445,(0.5146369371687451,2.351033114962929)
0.7133400292184077,(0.5321044606635436,2.374291834969521)
0.7330174516794895,(0.5508355292627432,2.399493333539477)
0.7535204475308642,(0.5710075445655358,2.426908143863221)
0.7748958539972228,(0.592836132755112,2.45686409976922)
50.44227789256198,(-0.004568999588566447,0.002206655093320244)
51.60853481305323,(-0.004509730333567872,0.002153007863763097)
52.81571119524065,(-0.004450204738387375,0.002099932620183725)
54.06574394463666,(-0.004390432214827666,0.002047433958027347)
55.36068594104306,(-0.004330422300619267,0.00199551642366268)
56.70271447234719,(-0.00427018466183867,0.001944184513859579)
58.0941403926234,(-0.004209729095439791,0.00189344267525154)
59.53741807651268,(-0.004149065531904735,0.001843295303781899)
61.03515624999994,(-0.004088204038020256,0.001793746744132491)
62.59012978689307,(-0.004027154819786763,0.001744801289133421)
64.20529257067713,(-0.003965928225467113,0.001696463179152539)
65.88379153314212,(-0.003904534748782952,0.001648736601463042)
67.62898199445974,(-0.003842985032266902,0.001601625689587572)
69.44444444444433,(-0.003781289870779433,0.001555134522616992)
71.33400292184066,(-0.003719460215199883,0.001509267124501936)
73.30174516794884,(-0.003657507176301784,0.001464027463315022)
75.35204475308629,(-0.003595442028823345,0.001419419450481495)
77.48958539972215,(-0.00353327621574472,0.001375446939975858)
79.71938775510189,(-0.003471021352784614,0.001332113727481849)
82.04683889939069,(-0.003408689233129617,0.001289423549512928)
84.47772491349461,(-0.003346291832410743,0.001247380082490161)
87.0182668745821,(-0.003283841313942743,0.001205986941774146)
89.67516069788775,(-0.003221350034242937,0.001165247680647343)
92.4556213017749,(-0.003158830548847675,0.001125165789242816)
95.36743164062472,(-0.003096295618445994,0.001085744693415089)
98.41899722852072,(-0.003033758215351557,0.001046987753548391)
101.6194068678457,(-0.002971231530335816,0.001008898263297141)
104.9785004031171,(-0.00290872897984715,0.0009714794482530838)
108.5069444444441,(-0.002846264213642932,0.00093473446453289)
112.2163171502438,(-0.002783851122863766,0.0008986663972795282)
116.1192033293694,(-0.002721503848581714,0.0008632782590699955)
120.2293013234837,(-0.002659236790857214,0.0008285729882213164)
124.5615433673464,(-0.002597064618342512,0.0007945534469858765)
129.1322314049581,(-0.002535002278472973,0.0007612224196262775)
133.959190672153,(-0.002473065008291517,0.0007285826103588623)
139.0619437522243,(-0.002411268345955795,0.0006966366411539504)
144.4619082840229,(-0.002349628142982553,0.0006653870493795136)
150.1826220684344,(-0.002288160577289069,0.000634836285273614)
156.2499999999991,(-0.002226882167097659,0.0006049867092292819)
162.6926280716358,(-0.002165809785776044,0.0005758405888736781)
169.5421006944434,(-0.002104960677694093,0.0005474000959213237)
176.8334087822533,(-0.002044352475186131,0.0005196673027787805)
184.6053875236283,(-0.001984003216717833,0.0004926441788755133)
192.9012345678999,(-0.001923931366367825,0.0004663325866925583)
201.7691115702464,(-0.00186415583474682,0.0004407342774571325)
211.262844780961,(-0.001804696001491476,0.0004158508864672628)
221.4427437641706,(-0.00174557173948671,0.0003916839280058781)
232.3765615704918,(-0.001686803440989056,0.0003682347897984458)
244.1406249999978,(-0.001628412045845381,0.0003455047269620159)
256.8211702827065,(-0.001570419072026356,0.0003234948553863384)
270.5159279778368,(-0.001512846648723056,0.0003022061444792942)
285.3360116873604,(-0.001455717552288762,0.0002816394091990574)
301.4081790123427,(-0.001399055245347266,0.0002617953012838537)
318.877551020405,(-0.001342883919434982,0.0002426742995765657)
337.9108996539758,(-0.001287228541598084,0.0002242766993253235)
358.7006427915482,(-0.001232114905429646,0.0002066026003220625)
381.469726562496,(-0.001177569687107244,0.0001896518937181466)
406.4776274713795,(-0.001123620507081443,0.000173424247328703)
434.0277777777728,(-0.001070295998173273,0.0001579190892041781)
464.4768133174739,(-0.001017625880968402,0.0001431355892074521)
498.2461734693818,(-0.0009656410475526113,0.0001290726382858226)
535.836762688608,(-0.0009143736548242946,0.0001157288250669887)
577.8476331360874,(-0.0008638572288539079,0.000103102409333805)
624.9999999999918,(-0.000814126782049504,9.119129184003562e-05)
678.1684027777686,(-0.0007652189452470378,7.999297981330418e-05)
738.4215500945076,(-0.0007171721172949344,6.950454734476689e-05)
807.0764462809799,(-0.0006700266352723521,5.972258967801073e-05)
885.7709750566759,(-0.0006238249692079359,5.064317016893737e-05)
976.5624999999844,(-0.000578611946103508,4.226175837533273e-05)
1082.063711911339,(-0.0005344350092891181,3.45731573231576e-05)
1205.632716049362,(-0.0004913445207475658,2.757141744869181e-05)
1351.643598615892,(-0.0004493941162001776,2.12497339766694e-05)
1525.87890624997,(-0.0004086411256652338,1.560032348314666e-05)
1736.111111111075,(-0.0003691470762219931,1.061427398507267e-05)
1992.984693877507,(-0.0003309782993516641,6.281360906315146e-06)
2311.390532544324,(-0.0002942066732903891,2.589818391200896e-06)
2712.673611111042,(-0.000258910542622483,-4.739488185006443e-07)
3228.305785123878,(-0.0002251758750338285,-2.925734181354508e-06)
3906.249999999882,(-0.0001930977424714743,-4.784010150711021e-06)
4822.530864197369,(-0.0001627822576157305,-6.070568592628272e-06)
6103.515624999769,(-0.0001343491691592342,-6.811395903939724e-06)
7971.938775509858,(-0.00010793544593714,-7.037906400411891e-06)
10850.69444444389,(-8.370041369755533e-05,-6.788748385228916e-06)
15624.99999999905,(-6.183347229275722e-05,-6.112580382325006e-06)
24414.06249999814,(-4.256643170248924e-05,-5.072620435437792e-06)
43402.77777777336,(-2.619500030690281e-05,-3.754790957476655e-06)
97656.24999998511,(-1.312134423990854e-05,-2.284365395853213e-06)
390624.9999998809,(-3.959149102799874e-06,-8.686867918087057e-07)